Evaluation Criteria,,,
Area,Weight,,
Business journey understanding,10%,,
Ambiguity & discovery,15%,,
Specification quality,20%,,
Acceptance criteria & testability,15%,,
Task decomposition,10%,,
Test-first approach,5%,,
Security & failure handling,5%,,
SDD traceability,20%,,
Total,100%,,
,,,
,,,
Recommended 10-day timeline,,,
Day,Activity,Expected Output,Approx. Effort
Day 1,Understand requirement + Discovery,"Business understanding, questions, assumptions, open decisions",2.5-3 hrs
Day 2,BRD interpretation + SDD Spec,BRD interpretation + initial .spec.md,3-4 hrs
Day 3,Acceptance Criteria + API Contract + Test Cases,Complete specification + AC + API + spec-derived tests,3-4 hrs
Day 4,Gate 1 Peer Review,Review comments + revised/approved spec,1.5-2 hrs
Day 5,Technical Plan + Architecture,".plan.md, integration approach, data model, failure handling, ADR candidates",3-4 hrs
Day 6,Task Decomposition + AI Prompts,".tasks.md, task-to-AC mapping, implementation prompts",2.5-3 hrs
Day 7,Test-first implementation,RED tests + first implementation increment,4-5 hrs
Day 8,Guided implementation,Remaining core implementation + integration,4-5 hrs
Day 9,Validation + Security + Gate 2 preparation,"GREEN tests, security review, traceability",4–5 hrs
Day 10,Gate 2 + Final Presentation,Final artefact chain + demo + 10–15 min walkthrough,2.5-3 hrs
